"","x"
"1","20051020_43832_0100_PP.png"
"2","20051020_43906_0100_PP.png"
"3","20051020_44284_0100_PP.png"
"4","20051020_44349_0100_PP.png"
"5","20051020_44431_0100_PP.png"
"6","20051020_44598_0100_PP.png"
"7","20051020_44714_0100_PP.png"
"8","20051020_44782_0100_PP.png"
"9","20051020_44923_0100_PP.png"
"10","20051020_45004_0100_PP.png"
"11","20051020_45068_0100_PP.png"
"12","20051020_45137_0100_PP.png"
"13","20051020_53178_0100_PP.png"
"14","20051020_55346_0100_PP.png"
"15","20051020_56592_0100_PP.png"
"16","20051020_57157_0100_PP.png"
"17","20051020_57622_0100_PP.png"
"18","20051020_57844_0100_PP.png"
"19","20051020_58065_0100_PP.png"
"20","20051020_58276_0100_PP.png"
"21","20051020_61804_0100_PP.png"
"22","20051020_62014_0100_PP.png"
"23","20051020_62385_0100_PP.png"
"24","20051020_62510_0100_PP.png"
"25","20051020_62615_0100_PP.png"
"26","20051020_62878_0100_PP.png"
"27","20051020_63337_0100_PP.png"
"28","20051020_63829_0100_PP.png"
"29","20051020_64007_0100_PP.png"
"30","20051020_64388_0100_PP.png"
"31","20051020_64570_0100_PP.png"
"32","20051020_64703_0100_PP.png"
"33","20051020_64836_0100_PP.png"
"34","20051020_65230_0100_PP.png"
"35","20051021_36208_0100_PP.png"
"36","20051021_36476_0100_PP.png"
"37","20051021_39314_0100_PP.png"
"38","20051021_39552_0100_PP.png"
"39","20051021_39719_0100_PP.png"
"40","20051021_39914_0100_PP.png"
"41","20051021_40074_0100_PP.png"
"42","20051021_40248_0100_PP.png"
"43","20051021_40450_0100_PP.png"
"44","20051021_51476_0100_PP.png"
"45","20051021_51625_0100_PP.png"
"46","20051021_51804_0100_PP.png"
"47","20051021_51994_0100_PP.png"
"48","20051021_52127_0100_PP.png"
"49","20051021_57862_0100_PP.png"
"50","20051021_58035_0100_PP.png"
"51","20051021_58316_0100_PP.png"
"52","20051021_58522_0100_PP.png"
"53","20051021_58802_0100_PP.png"
"54","20051021_59243_0100_PP.png"
"55","20051021_59504_0100_PP.png"
"56","20051109_57451_0400_PP.png"
"57","20051109_59864_0400_PP.png"
"58","20051109_60031_0400_PP.png"
"59","20051110_33960_0400_PP.png"
"60","20051110_34071_0400_PP.png"
"61","20051110_35279_0400_PP.png"
"62","20051110_35926_0400_PP.png"
"63","20051110_38111_0400_PP.png"
"64","20051110_38194_0400_PP.png"
"65","20051110_38280_0400_PP.png"
"66","20051110_38352_0400_PP.png"
"67","20051110_38507_0400_PP.png"
"68","20051116_43585_0400_PP.png"
"69","20051116_43721_0400_PP.png"
"70","20051116_43801_0400_PP.png"
"71","20051116_43995_0400_PP.png"
"72","20051116_44648_0400_PP.png"
"73","20051116_44750_0400_PP.png"
"74","20051116_44804_0400_PP.png"
"75","20051116_54454_0400_PP.png"
"76","20051116_54587_0400_PP.png"
"77","20051116_54663_0400_PP.png"
"78","20051116_54692_0400_PP.png"
"79","20051116_54832_0400_PP.png"
"80","20051116_55656_0400_PP.png"
"81","20051116_58804_0400_PP.png"
"82","20051116_58835_0400_PP.png"
"83","20051116_58864_0400_PP.png"
"84","20051116_59168_0400_PP.png"
"85","20051117_37051_0400_PP.png"
"86","20051117_37100_0400_PP.png"
"87","20051117_37155_0400_PP.png"
"88","20051117_37213_0400_PP.png"
"89","20051130_53586_0400_PP.png"
"90","20051130_53623_0400_PP.png"
"91","20051130_54030_0400_PP.png"
"92","20051130_54121_0400_PP.png"
"93","20051130_54301_0400_PP.png"
"94","20051130_54323_0400_PP.png"
"95","20051130_54498_0400_PP.png"
"96","20051130_54616_0400_PP.png"
"97","20051130_54846_0400_PP.png"
"98","20051130_54943_0400_PP.png"
"99","20051130_55012_0400_PP.png"
"100","20051130_55048_0400_PP.png"
"101","20051130_55086_0400_PP.png"
"102","20051130_55124_0400_PP.png"
"103","20051130_55269_0400_PP.png"
"104","20051130_55311_0400_PP.png"
"105","20051130_55393_0400_PP.png"
"106","20051130_58824_0400_PP.png"
"107","20051130_58888_0400_PP.png"
"108","20051130_58962_0400_PP.png"
"109","20051130_59029_0400_PP.png"
"110","20051130_59284_0400_PP.png"
"111","20051130_59404_0400_PP.png"
"112","20051130_59464_0400_PP.png"
"113","20051130_59749_0400_PP.png"
"114","20051130_59802_0400_PP.png"
"115","20051130_59869_0400_PP.png"
"116","20051130_59930_0400_PP.png"
"117","20051130_59993_0400_PP.png"
"118","20051130_60066_0400_PP.png"
"119","20051130_60234_0400_PP.png"
"120","20051130_60490_0400_PP.png"
"121","20051130_60562_0400_PP.png"
"122","20051130_60630_0400_PP.png"
"123","20051130_60715_0400_PP.png"
"124","20051130_60760_0400_PP.png"
"125","20051130_60822_0400_PP.png"
"126","20051201_37337_0400_PP.png"
"127","20051201_37390_0400_PP.png"
"128","20051201_37462_0400_PP.png"
"129","20051201_37534_0400_PP.png"
"130","20051201_38081_0400_PP.png"
"131","20051201_38103_0400_PP.png"
"132","20051201_38155_0400_PP.png"
"133","20051201_38199_0400_PP.png"
"134","20051201_38246_0400_PP.png"
"135","20051201_38291_0400_PP.png"
"136","20051201_38349_0400_PP.png"
"137","20051201_38466_0400_PP.png"
"138","20051201_38537_0400_PP.png"
"139","20051202_37162_0400_PP.png"
"140","20051202_39708_0400_PP.png"
"141","20051202_48232_0400_PP.png"
"142","20051202_48421_0400_PP.png"
"143","20051202_51518_0400_PP.png"
"144","20051202_51616_0400_PP.png"
"145","20051202_54208_0400_PP.png"
"146","20051202_54555_0400_PP.png"
"147","20051202_54744_0400_PP.png"
"148","20051202_55484_0400_PP.png"
"149","20051202_55582_0400_PP.png"
"150","20051202_55607_0400_PP.png"
"151","20051202_55669_0400_PP.png"
"152","20051202_55735_0400_PP.png"
"153","20051202_55797_0400_PP.png"
"154","20051202_55846_0400_PP.png"
"155","20051202_55921_0400_PP.png"
"156","20051202_56012_0400_PP.png"
"157","20051202_56050_0400_PP.png"
"158","20051205_31994_0400_PP.png"
"159","20051205_33012_0400_PP.png"
"160","20051205_35162_0400_PP.png"
"161","20051205_35408_0400_PP.png"
"162","20051205_57651_0400_PP.png"
"163","20051205_57780_0400_PP.png"
"164","20051205_57799_0400_PP.png"
"165","20051205_57879_0400_PP.png"
"166","20051205_57988_0400_PP.png"
"167","20051205_58060_0400_PP.png"
"168","20051205_58091_0400_PP.png"
"169","20051205_58125_0400_PP.png"
"170","20051205_58177_0400_PP.png"
"171","20051205_58354_0400_PP.png"
"172","20051205_58431_0400_PP.png"
"173","20051205_58502_0400_PP.png"
"174","20051205_58577_0400_PP.png"
"175","20051205_59300_0400_PP.png"
"176","20051205_59337_0400_PP.png"
"177","20051205_59379_0400_PP.png"
"178","20051205_59538_0400_PP.png"
"179","20051205_59651_0400_PP.png"
"180","20051205_59715_0400_PP.png"
"181","20051205_59754_0400_PP.png"
"182","20051205_59858_0400_PP.png"
"183","20051205_59923_0400_PP.png"
"184","20051205_60119_0400_PP.png"
"185","20051207_55266_0400_PP.png"
"186","20051207_56219_0400_PP.png"
"187","20051207_62252_0400_PP.png"
"188","20051207_62320_0400_PP.png"
"189","20051208_39462_0400_PP.png"
"190","20051208_39532_0400_PP.png"
"191","20051208_39546_0400_PP.png"
"192","20051208_41373_0400_PP.png"
"193","20051208_42314_0400_PP.png"
"194","20051212_36548_0400_PP.png"
"195","20051212_37442_0400_PP.png"
"196","20051212_38043_0400_PP.png"
"197","20051212_38106_0400_PP.png"
"198","20051213_61802_0100_PP.png"
"199","20051213_61951_0100_PP.png"
"200","20051213_62188_0100_PP.png"
"201","20051213_62314_0100_PP.png"
"202","20051213_62572_0100_PP.png"
"203","20051213_62705_0100_PP.png"
"204","20051214_40456_0100_PP.png"
"205","20051214_40596_0100_PP.png"
"206","20051214_40767_0100_PP.png"
"207","20051214_41055_0100_PP.png"
"208","20051214_41358_0100_PP.png"
"209","20051214_41490_0100_PP.png"
"210","20051214_41949_0100_PP.png"
"211","20051214_42197_0100_PP.png"
"212","20051214_42363_0100_PP.png"
"213","20051214_50933_0100_PP.png"
"214","20051214_51071_0100_PP.png"
"215","20051214_51211_0100_PP.png"
"216","20051214_51342_0100_PP.png"
"217","20051214_51469_0100_PP.png"
"218","20051214_51609_0100_PP.png"
"219","20051214_51733_0100_PP.png"
"220","20051214_51840_0100_PP.png"
"221","20051214_52707_0100_PP.png"
"222","20051214_56392_0100_PP.png"
"223","20051214_56565_0100_PP.png"
"224","20051214_56688_0100_PP.png"
"225","20051214_56821_0100_PP.png"
"226","20051214_57154_0100_PP.png"
"227","20051214_57260_0100_PP.png"
"228","20051214_57404_0100_PP.png"
"229","20051214_57817_0100_PP.png"
"230","20051216_43913_0200_PP.png"
"231","20051216_44092_0200_PP.png"
"232","20051216_44252_0200_PP.png"
"233","20051216_44420_0200_PP.png"
"234","20051216_44660_0200_PP.png"
"235","20051216_44832_0200_PP.png"
"236","20051216_44961_0200_PP.png"
"237","20051216_45100_0200_PP.png"
"238","20051216_45375_0200_PP.png"
"239","20051216_45499_0200_PP.png"
"240","20051216_45781_0200_PP.png"
"241","20051216_45899_0200_PP.png"
"242","20051216_46018_0200_PP.png"
"243","20051216_46183_0200_PP.png"
"244","20051216_46660_0200_PP.png"
"245","20051216_46847_0200_PP.png"
"246","20051216_47024_0200_PP.png"
"247","20051216_47420_0200_PP.png"
"248","20051216_47536_0200_PP.png"
"249","20051216_47703_0200_PP.png"
"250","20060407_38970_0200_PP.png"
"251","20060407_39184_0200_PP.png"
"252","20060407_39328_0200_PP.png"
"253","20060407_39435_0200_PP.png"
"254","20060407_39567_0200_PP.png"
"255","20060407_39687_0200_PP.png"
"256","20060407_39780_0200_PP.png"
"257","20060407_40624_0200_PP.png"
"258","20060407_40761_0200_PP.png"
"259","20060407_40957_0200_PP.png"
"260","20060407_41177_0200_PP.png"
"261","20060407_41330_0200_PP.png"
"262","20060407_41831_0200_PP.png"
"263","20060407_41980_0200_PP.png"
"264","20060407_42308_0200_PP.png"
"265","20060407_43258_0200_PP.png"
"266","20060407_43460_0200_PP.png"
"267","20060407_43618_0200_PP.png"
"268","20060407_43746_0200_PP.png"
"269","20060407_43856_0200_PP.png"
"270","20060407_44061_0200_PP.png"
"271","20060407_44304_0200_PP.png"
"272","20060407_44422_0200_PP.png"
"273","20060407_44529_0200_PP.png"
"274","20060407_44636_0200_PP.png"
"275","20060407_44766_0200_PP.png"
"276","20060407_44889_0200_PP.png"
"277","20060407_45107_0200_PP.png"
"278","20060407_45247_0200_PP.png"
"279","20060407_45379_0200_PP.png"
"280","20060407_45494_0200_PP.png"
"281","20060407_45611_0200_PP.png"
"282","20060407_45852_0200_PP.png"
"283","20060407_45949_0200_PP.png"
"284","20060407_46070_0200_PP.png"
"285","20060407_46257_0200_PP.png"
"286","20060407_46422_0200_PP.png"
"287","20060410_39075_0200_PP.png"
"288","20060410_39229_0200_PP.png"
"289","20060410_39355_0200_PP.png"
"290","20060410_39500_0200_PP.png"
"291","20060410_39606_0200_PP.png"
"292","20060410_39879_0200_PP.png"
"293","20060410_40165_0200_PP.png"
"294","20060410_40274_0200_PP.png"
"295","20060410_40403_0200_PP.png"
"296","20060410_40499_0200_PP.png"
"297","20060410_40633_0200_PP.png"
"298","20060410_40846_0200_PP.png"
"299","20060410_41209_0200_PP.png"
"300","20060410_41356_0200_PP.png"
"301","20060410_41626_0200_PP.png"
"302","20060410_41901_0200_PP.png"
"303","20060410_43868_0200_PP.png"
"304","20060410_43979_0200_PP.png"
"305","20060410_44124_0200_PP.png"
"306","20060410_44248_0200_PP.png"
"307","20060410_44364_0200_PP.png"
"308","20060410_44504_0200_PP.png"
"309","20060410_44623_0200_PP.png"
"310","20060410_44953_0200_PP.png"
"311","20060410_46893_0200_PP.png"
"312","20060410_47042_0200_PP.png"
"313","20060410_47186_0200_PP.png"
"314","20060410_47351_0200_PP.png"
"315","20060411_57986_0200_PP.png"
"316","20060411_58071_0200_PP.png"
"317","20060411_58155_0200_PP.png"
"318","20060411_58238_0200_PP.png"
"319","20060411_58328_0200_PP.png"
"320","20060411_58494_0200_PP.png"
"321","20060411_58644_0200_PP.png"
"322","20060411_58736_0200_PP.png"
"323","20060411_58913_0200_PP.png"
"324","20060411_58993_0200_PP.png"
"325","20060411_59190_0200_PP.png"
"326","20060411_59587_0200_PP.png"
"327","20060411_59657_0200_PP.png"
"328","20060411_59747_0200_PP.png"
"329","20060411_59941_0200_PP.png"
"330","20060411_60028_0200_PP.png"
"331","20060411_60283_0200_PP.png"
"332","20060411_60368_0200_PP.png"
"333","20060411_60446_0200_PP.png"
"334","20060411_60533_0200_PP.png"
"335","20060411_61060_0200_PP.png"
"336","20060411_61419_0200_PP.png"
"337","20060411_61564_0200_PP.png"
"338","20060411_61641_0200_PP.png"
"339","20060411_61702_0200_PP.png"
"340","20060411_61901_0200_PP.png"
"341","20060411_61979_0200_PP.png"
"342","20060411_62162_0200_PP.png"
"343","20060411_62250_0200_PP.png"
"344","20060411_62319_0200_PP.png"
"345","20060411_62390_0200_PP.png"
"346","20060412_51775_0200_PP.png"
"347","20060412_51860_0200_PP.png"
"348","20060412_52038_0200_PP.png"
"349","20060412_52446_0200_PP.png"
"350","20060412_52520_0200_PP.png"
"351","20060412_52606_0200_PP.png"
"352","20060412_52685_0200_PP.png"
"353","20060412_52777_0200_PP.png"
"354","20060412_52860_0200_PP.png"
"355","20060412_52931_0200_PP.png"
"356","20060412_52997_0200_PP.png"
"357","20060412_57874_0200_PP.png"
"358","20060412_57974_0200_PP.png"
"359","20060412_58314_0200_PP.png"
"360","20060412_58497_0200_PP.png"
"361","20060412_58563_0200_PP.png"
"362","20060412_58668_0200_PP.png"
"363","20060412_58747_0200_PP.png"
"364","20060412_58819_0200_PP.png"
"365","20060412_58889_0200_PP.png"
"366","20060412_58965_0200_PP.png"
"367","20060412_59124_0200_PP.png"
"368","20060412_59196_0200_PP.png"
"369","20060412_59259_0200_PP.png"
"370","20060412_59355_0200_PP.png"
"371","20060412_59423_0200_PP.png"
"372","20060412_59658_0200_PP.png"
"373","20060412_59735_0200_PP.png"
"374","20060412_60396_0200_PP.png"
"375","20060412_60573_0200_PP.png"
"376","20060412_60773_0200_PP.png"
"377","20060412_60845_0200_PP.png"
"378","20060412_61000_0200_PP.png"
"379","20060412_61081_0200_PP.png"
"380","20060412_61169_0200_PP.png"
"381","20060412_61251_0200_PP.png"
"382","20060412_61383_0200_PP.png"
"383","20060412_61615_0200_PP.png"
"384","20060412_61681_0200_PP.png"
"385","20060412_61808_0200_PP.png"
"386","20060412_62960_0200_PP.png"
"387","20060412_63032_0200_PP.png"
"388","20060412_63104_0200_PP.png"
"389","20060522_45069_0100_PP.png"
"390","20060522_45455_0100_PP.png"
"391","20060522_45583_0100_PP.png"
"392","20060522_45718_0100_PP.png"
"393","20060522_45796_0100_PP.png"
"394","20060522_45873_0100_PP.png"
"395","20060522_45967_0100_PP.png"
"396","20060522_46400_0100_PP.png"
"397","20060523_42953_0100_PP.png"
"398","20060523_43038_0100_PP.png"
"399","20060523_43123_0100_PP.png"
"400","20060523_43196_0100_PP.png"
"401","20060523_43267_0100_PP.png"
"402","20060523_43354_0100_PP.png"
"403","20060523_45235_0100_PP.png"
"404","20060523_45316_0100_PP.png"
"405","20060523_45389_0100_PP.png"
"406","20060523_45697_0100_PP.png"
"407","20060523_45812_0100_PP.png"
"408","20060523_48102_0100_PP.png"
"409","20060523_48161_0100_PP.png"
"410","20060523_48199_0100_PP.png"
"411","20060523_48425_0100_PP.png"
"412","20060523_48499_0100_PP.png"
"413","20060523_48659_0100_PP.png"
"414","20060523_48816_0100_PP.png"
"415","20060523_48931_0100_PP.png"
"416","20060523_49120_0100_PP.png"
"417","20060523_49515_0100_PP.png"
"418","20060523_49591_0100_PP.png"
"419","20060523_49681_0100_PP.png"
"420","20060523_49745_0100_PP.png"
"421","20060523_49875_0100_PP.png"
"422","20060523_50019_0100_PP.png"
"423","20060523_50153_0100_PP.png"
"424","20060523_50262_0100_PP.png"
"425","20060523_50342_0100_PP.png"
"426","20060523_50408_0100_PP.png"
"427","20060523_50556_0100_PP.png"
"428","20060523_50730_0100_PP.png"
"429","20060529_56039_0100_PP.png"
"430","20060529_56442_0100_PP.png"
"431","20060529_56968_0100_PP.png"
"432","20060529_57063_0100_PP.png"
"433","20060529_57287_0100_PP.png"
"434","20060529_57372_0100_PP.png"
"435","20060529_57447_0100_PP.png"
"436","20060530_51279_0100_PP.png"
"437","20060530_51399_0100_PP.png"
"438","20060530_53062_0100_PP.png"
"439","20060530_53152_0100_PP.png"
"440","20060530_53271_0100_PP.png"
"441","20060530_53455_0100_PP.png"
"442","20060530_53540_0100_PP.png"
"443","20060530_53617_0100_PP.png"
"444","20060530_53836_0100_PP.png"
"445","20060530_53954_0100_PP.png"
"446","20060530_54332_0100_PP.png"
"447","20060530_54653_0100_PP.png"
"448","20060530_55390_0100_PP.png"
"449","20060530_55468_0100_PP.png"
"450","20060530_55628_0100_PP.png"
"451","20060530_55837_0100_PP.png"
"452","IM000013.png"
"453","IM000057.png"
"454","IM000065.png"
"455","IM000079.png"
"456","IM000086.png"
"457","IM000100.png"
"458","IM000108.png"
"459","IM000114.png"
"460","IM000132.png"
"461","IM000146.png"
"462","IM000168.png"
"463","IM000198.png"
"464","IM000213.png"
"465","IM000219.png"
"466","IM000242.png"
"467","IM000264.png"
"468","IM000292.png"
"469","IM000299.png"
"470","IM000306.png"
"471","IM000320.png"
"472","IM000326.png"
"473","IM000357.png"
"474","IM000371.png"
"475","IM000406.png"
"476","IM000426.png"
"477","IM000449.png"
"478","IM000472.png"
"479","IM000480.png"
"480","IM000500.png"
"481","IM000515.png"
"482","IM000554.png"
"483","IM000561.png"
"484","IM000568.png"
"485","IM000580.png"
"486","IM000587.png"
"487","IM000594.png"
"488","IM000602.png"
"489","IM000653.png"
"490","IM000668.png"
"491","IM000675.png"
"492","IM000689.png"
"493","IM000697.png"
"494","IM000704.png"
"495","IM000711.png"
"496","IM000725.png"
"497","IM000761.png"
"498","IM000769.png"
"499","IM000777.png"
"500","IM000806.png"
"501","IM000813.png"
"502","IM000826.png"
"503","IM000834.png"
"504","IM000851.png"
"505","IM000859.png"
"506","IM000881.png"
"507","IM000887.png"
"508","IM000917.png"
"509","IM000937.png"
"510","IM000984.png"
"511","IM001026.png"
"512","IM001034.png"
"513","IM001089.png"
"514","IM001095.png"
"515","IM001103.png"
"516","IM001117.png"
"517","IM001124.png"
"518","IM001139.png"
"519","IM001146.png"
"520","IM001153.png"
"521","IM001160.png"
"522","IM001168.png"
"523","IM001175.png"
"524","IM001181.png"
"525","IM001200.png"
"526","IM001211.png"
"527","IM001227.png"
"528","IM001232.png"
"529","IM001246.png"
"530","IM001253.png"
"531","IM001273.png"
"532","IM001294.png"
"533","IM001300.png"
"534","IM001308.png"
"535","IM001322.png"
"536","IM001328.png"
"537","IM001335.png"
"538","IM001358.png"
"539","IM001386.png"
"540","IM001401.png"
"541","IM001423.png"
"542","IM001440.png"
"543","IM001454.png"
"544","IM001477.png"
"545","IM001484.png"
"546","IM001514.png"
"547","IM001539.png"
"548","IM001560.png"
"549","IM001582.png"
"550","IM001597.png"
"551","IM001630.png"
"552","IM001636.png"
"553","IM001644.png"
"554","IM001667.png"
"555","IM001673.png"
"556","IM001702.png"
"557","IM001738.png"
"558","IM001745.png"
"559","IM001759.png"
"560","IM001766.png"
"561","IM001797.png"
"562","IM001805.png"
"563","IM001845.png"
"564","IM001854.png"
"565","IM001881.png"
"566","IM001912.png"
"567","IM001927.png"
"568","IM001950.png"
"569","IM001985.png"
"570","IM002004.png"
"571","IM002020.png"
"572","IM002027.png"
"573","IM002034.png"
"574","IM002052.png"
"575","IM002071.png"
"576","IM002135.png"
"577","IM002148.png"
"578","IM002202.png"
"579","IM002223.png"
"580","IM002252.png"
"581","IM002269.png"
"582","IM002276.png"
"583","IM002284.png"
"584","IM002301.png"
"585","IM002322.png"
"586","IM002335.png"
"587","IM002400.png"
"588","IM002414.png"
"589","IM002466.png"
"590","IM002473.png"
"591","IM002487.png"
"592","IM002493.png"
"593","IM002500.png"
"594","IM002509.png"
"595","IM002523.png"
"596","IM002530.png"
"597","IM002544.png"
"598","IM002578.png"
"599","IM002585.png"
"600","IM002614.png"
"601","IM002622.png"
"602","IM002642.png"
"603","IM002650.png"
"604","IM002659.png"
"605","IM002666.png"
"606","IM002695.png"
"607","IM002704.png"
"608","IM002726.png"
"609","IM002733.png"
"610","IM002781.png"
"611","IM002803.png"
"612","IM002821.png"
"613","IM002829.png"
"614","IM002845.png"
"615","IM002853.png"
"616","IM002861.png"
"617","IM002895.png"
"618","IM002902.png"
"619","IM002922.png"
"620","IM002939.png"
"621","IM002953.png"
"622","IM002975.png"
"623","IM002983.png"
"624","IM002991.png"
"625","IM003012.png"
"626","IM003019.png"
"627","IM003070.png"
"628","IM003147.png"
"629","IM003161.png"
"630","IM003175.png"
"631","IM003207.png"
"632","IM003222.png"
"633","IM003265.png"
"634","IM003324.png"
"635","IM003359.png"
"636","IM003382.png"
"637","IM003390.png"
"638","IM003406.png"
"639","IM003424.png"
"640","IM003431.png"
"641","IM003468.png"
"642","IM003475.png"
"643","IM003482.png"
"644","IM003520.png"
"645","IM003577.png"
"646","IM003602.png"
"647","IM003626.png"
"648","IM003688.png"
"649","IM003694.png"
"650","IM003726.png"
"651","IM003746.png"
"652","IM003766.png"
"653","IM003772.png"
"654","IM003788.png"
"655","IM003794.png"
"656","IM003812.png"
"657","IM003827.png"
"658","IM003840.png"
"659","IM003856.png"
"660","IM003879.png"
"661","IM003893.png"
"662","IM003949.png"
"663","IM003969.png"
"664","IM003983.png"
"665","IM004013.png"
"666","IM004036.png"
"667","IM004093.png"
"668","IM004132.png"
"669","IM004161.png"
"670","IM004192.png"
"671","IM004208.png"
"672","IM004226.png"
"673","IM004240.png"
"674","IM004251.png"
"675","IM004291.png"
"676","IM004298.png"
"677","IM004306.png"
"678","IM004313.png"
"679","IM004399.png"
"680","IM004406.png"
"681","IM004424.png"
"682","IM004440.png"
"683","IM004462.png"
"684","IM004470.png"
"685","IM004493.png"
"686","IM004508.png"
"687","IM004538.png"
"688","IM004554.png"
"689","IM004600.png"
"690","IM004607.png"
"691","IM004620.png"
"692","IM004639.png"
"693","IM004646.png"
"694","IM004654.png"
"695","IM004685.png"
"696","IM004764.png"
"697","IM004782.png"
"698","IM004806.png"
"699","IM004832.png"
